Categoría,Producto,Presentación,anio,mes,Fecha_mes,cantidad_total_mes,num_pedidos,num_clientes,lag_1,lag_2,lag_3,media_movil_3,mes_seno,mes_coseno
Cremas,Crema agria,Tarrina 200g,2024,4,2024-04-01,16396,34,18,21640.0,13353.0,12876.0,15956.333333333334,0.8660254037844387,-0.4999999999999998
Cremas,Crema agria,Tarrina 200g,2024,5,2024-05-01,18317,36,16,16396.0,21640.0,13353.0,17129.666666666668,0.49999999999999994,-0.8660254037844387
Cremas,Crema agria,Tarrina 200g,2024,6,2024-06-01,12906,28,16,18317.0,16396.0,21640.0,18784.333333333332,1.2246467991473532e-16,-1.0
Cremas,Crema agria,Tarrina 200g,2024,7,2024-07-01,20483,36,18,12906.0,18317.0,16396.0,15873.0,-0.4999999999999997,-0.8660254037844388
Cremas,Crema agria,Tarrina 200g,2024,8,2024-08-01,18346,36,16,20483.0,12906.0,18317.0,17235.333333333332,-0.8660254037844385,-0.5000000000000004
Cremas,Crema agria,Tarrina 200g,2024,9,2024-09-01,15494,33,15,18346.0,20483.0,12906.0,17245.0,-1.0,-1.8369701987210297e-16
Cremas,Crema agria,Tarrina 200g,2024,10,2024-10-01,16539,33,16,15494.0,18346.0,20483.0,18107.666666666668,-0.8660254037844386,0.5000000000000001
Cremas,Crema agria,Tarrina 200g,2024,11,2024-11-01,13168,33,15,16539.0,15494.0,18346.0,16793.0,-0.5000000000000004,0.8660254037844384
Cremas,Crema agria,Tarrina 200g,2024,12,2024-12-01,16416,34,17,13168.0,16539.0,15494.0,15067.0,-2.4492935982947064e-16,1.0
Cremas,Crema batida,Spray 250ml,2024,4,2024-04-01,13006,31,16,12790.0,19409.0,19257.0,17152.0,0.8660254037844387,-0.4999999999999998
Cremas,Crema batida,Spray 250ml,2024,5,2024-05-01,15984,28,17,13006.0,12790.0,19409.0,15068.333333333334,0.49999999999999994,-0.8660254037844387
Cremas,Crema batida,Spray 250ml,2024,6,2024-06-01,17517,37,15,15984.0,13006.0,12790.0,13926.666666666666,1.2246467991473532e-16,-1.0
Cremas,Crema batida,Spray 250ml,2024,7,2024-07-01,21083,37,16,17517.0,15984.0,13006.0,15502.333333333334,-0.4999999999999997,-0.8660254037844388
Cremas,Crema batida,Spray 250ml,2024,8,2024-08-01,19163,39,18,21083.0,17517.0,15984.0,18194.666666666668,-0.8660254037844385,-0.5000000000000004
Cremas,Crema batida,Spray 250ml,2024,9,2024-09-01,8828,21,12,19163.0,21083.0,17517.0,19254.333333333332,-1.0,-1.8369701987210297e-16
Cremas,Crema batida,Spray 250ml,2024,10,2024-10-01,17637,34,15,8828.0,19163.0,21083.0,16358.0,-0.8660254037844386,0.5000000000000001
Cremas,Crema batida,Spray 250ml,2024,11,2024-11-01,15386,30,16,17637.0,8828.0,19163.0,15209.333333333334,-0.5000000000000004,0.8660254037844384
Cremas,Crema batida,Spray 250ml,2024,12,2024-12-01,17171,36,17,15386.0,17637.0,8828.0,13950.333333333334,-2.4492935982947064e-16,1.0
Cremas,Crema de leche,Cartón 946ml,2024,4,2024-04-01,16246,33,18,19853.0,21009.0,14676.0,18512.666666666668,0.8660254037844387,-0.4999999999999998
Cremas,Crema de leche,Cartón 946ml,2024,5,2024-05-01,18458,34,16,16246.0,19853.0,21009.0,19036.0,0.49999999999999994,-0.8660254037844387
Cremas,Crema de leche,Cartón 946ml,2024,6,2024-06-01,18103,30,15,18458.0,16246.0,19853.0,18185.666666666668,1.2246467991473532e-16,-1.0
Cremas,Crema de leche,Cartón 946ml,2024,7,2024-07-01,13276,23,15,18103.0,18458.0,16246.0,17602.333333333332,-0.4999999999999997,-0.8660254037844388
Cremas,Crema de leche,Cartón 946ml,2024,8,2024-08-01,13686,29,17,13276.0,18103.0,18458.0,16612.333333333332,-0.8660254037844385,-0.5000000000000004
Cremas,Crema de leche,Cartón 946ml,2024,9,2024-09-01,14080,32,16,13686.0,13276.0,18103.0,15021.666666666666,-1.0,-1.8369701987210297e-16
Cremas,Crema de leche,Cartón 946ml,2024,10,2024-10-01,16586,29,13,14080.0,13686.0,13276.0,13680.666666666666,-0.8660254037844386,0.5000000000000001
Cremas,Crema de leche,Cartón 946ml,2024,11,2024-11-01,17895,34,15,16586.0,14080.0,13686.0,14784.0,-0.5000000000000004,0.8660254037844384
Cremas,Crema de leche,Cartón 946ml,2024,12,2024-12-01,18130,41,18,17895.0,16586.0,14080.0,16187.0,-2.4492935982947064e-16,1.0
Cremas,Queso crema,Tarrina 250g,2024,4,2024-04-01,22406,41,18,18840.0,22487.0,16982.0,19436.333333333332,0.8660254037844387,-0.4999999999999998
Cremas,Queso crema,Tarrina 250g,2024,5,2024-05-01,16621,36,18,22406.0,18840.0,22487.0,21244.333333333332,0.49999999999999994,-0.8660254037844387
Cremas,Queso crema,Tarrina 250g,2024,6,2024-06-01,15702,37,17,16621.0,22406.0,18840.0,19289.0,1.2246467991473532e-16,-1.0
Cremas,Queso crema,Tarrina 250g,2024,7,2024-07-01,14782,32,20,15702.0,16621.0,22406.0,18243.0,-0.4999999999999997,-0.8660254037844388
Cremas,Queso crema,Tarrina 250g,2024,8,2024-08-01,17622,39,19,14782.0,15702.0,16621.0,15701.666666666666,-0.8660254037844385,-0.5000000000000004
Cremas,Queso crema,Tarrina 250g,2024,9,2024-09-01,15734,34,19,17622.0,14782.0,15702.0,16035.333333333334,-1.0,-1.8369701987210297e-16
Cremas,Queso crema,Tarrina 250g,2024,10,2024-10-01,16231,29,14,15734.0,17622.0,14782.0,16046.0,-0.8660254037844386,0.5000000000000001
Cremas,Queso crema,Tarrina 250g,2024,11,2024-11-01,16709,39,16,16231.0,15734.0,17622.0,16529.0,-0.5000000000000004,0.8660254037844384
Cremas,Queso crema,Tarrina 250g,2024,12,2024-12-01,13523,28,14,16709.0,16231.0,15734.0,16224.666666666666,-2.4492935982947064e-16,1.0
Leche,Bebidas lácteas,Botella 1L,2024,4,2024-04-01,7204,13,11,2702.0,3944.0,3044.0,3230.0,0.8660254037844387,-0.4999999999999998
Leche,Bebidas lácteas,Botella 1L,2024,5,2024-05-01,4452,10,7,7204.0,2702.0,3944.0,4616.666666666667,0.49999999999999994,-0.8660254037844387
Leche,Bebidas lácteas,Botella 1L,2024,6,2024-06-01,6187,10,8,4452.0,7204.0,2702.0,4786.0,1.2246467991473532e-16,-1.0
Leche,Bebidas lácteas,Botella 1L,2024,7,2024-07-01,2692,5,4,6187.0,4452.0,7204.0,5947.666666666667,-0.4999999999999997,-0.8660254037844388
Leche,Bebidas lácteas,Botella 1L,2024,8,2024-08-01,3618,7,7,2692.0,6187.0,4452.0,4443.666666666667,-0.8660254037844385,-0.5000000000000004
Leche,Bebidas lácteas,Botella 1L,2024,9,2024-09-01,2015,5,4,3618.0,2692.0,6187.0,4165.666666666667,-1.0,-1.8369701987210297e-16
Leche,Bebidas lácteas,Botella 1L,2024,10,2024-10-01,6316,15,13,2015.0,3618.0,2692.0,2775.0,-0.8660254037844386,0.5000000000000001
Leche,Bebidas lácteas,Botella 1L,2024,11,2024-11-01,2633,5,5,6316.0,2015.0,3618.0,3983.0,-0.5000000000000004,0.8660254037844384
Leche,Bebidas lácteas,Botella 1L,2024,12,2024-12-01,4167,7,7,2633.0,6316.0,2015.0,3654.6666666666665,-2.4492935982947064e-16,1.0
Leche,Bebidas lácteas,Botella 500ml,2024,4,2024-04-01,4034,7,6,3018.0,2702.0,1872.0,2530.6666666666665,0.8660254037844387,-0.4999999999999998
Leche,Bebidas lácteas,Botella 500ml,2024,5,2024-05-01,8763,14,11,4034.0,3018.0,2702.0,3251.3333333333335,0.49999999999999994,-0.8660254037844387
Leche,Bebidas lácteas,Botella 500ml,2024,6,2024-06-01,2897,6,6,8763.0,4034.0,3018.0,5271.666666666667,1.2246467991473532e-16,-1.0
Leche,Bebidas lácteas,Botella 500ml,2024,7,2024-07-01,3529,9,8,2897.0,8763.0,4034.0,5231.333333333333,-0.4999999999999997,-0.8660254037844388
Leche,Bebidas lácteas,Botella 500ml,2024,8,2024-08-01,2835,4,3,3529.0,2897.0,8763.0,5063.0,-0.8660254037844385,-0.5000000000000004
Leche,Bebidas lácteas,Botella 500ml,2024,9,2024-09-01,5416,9,7,2835.0,3529.0,2897.0,3087.0,-1.0,-1.8369701987210297e-16
Leche,Bebidas lácteas,Botella 500ml,2024,10,2024-10-01,2189,6,5,5416.0,2835.0,3529.0,3926.6666666666665,-0.8660254037844386,0.5000000000000001
Leche,Bebidas lácteas,Botella 500ml,2024,11,2024-11-01,7300,12,8,2189.0,5416.0,2835.0,3480.0,-0.5000000000000004,0.8660254037844384
Leche,Bebidas lácteas,Botella 500ml,2024,12,2024-12-01,2196,5,3,7300.0,2189.0,5416.0,4968.333333333333,-2.4492935982947064e-16,1.0
Leche,Leche condensada,Lata 397g,2024,4,2024-04-01,6695,15,12,7628.0,9175.0,8300.0,8367.666666666666,0.8660254037844387,-0.4999999999999998
Leche,Leche condensada,Lata 397g,2024,5,2024-05-01,6482,14,11,6695.0,7628.0,9175.0,7832.666666666667,0.49999999999999994,-0.8660254037844387
Leche,Leche condensada,Lata 397g,2024,6,2024-06-01,6088,12,9,6482.0,6695.0,7628.0,6935.0,1.2246467991473532e-16,-1.0
Leche,Leche condensada,Lata 397g,2024,7,2024-07-01,5066,11,9,6088.0,6482.0,6695.0,6421.666666666667,-0.4999999999999997,-0.8660254037844388
Leche,Leche condensada,Lata 397g,2024,8,2024-08-01,11163,23,15,5066.0,6088.0,6482.0,5878.666666666667,-0.8660254037844385,-0.5000000000000004
Leche,Leche condensada,Lata 397g,2024,9,2024-09-01,9180,18,13,11163.0,5066.0,6088.0,7439.0,-1.0,-1.8369701987210297e-16
Leche,Leche condensada,Lata 397g,2024,10,2024-10-01,9713,17,13,9180.0,11163.0,5066.0,8469.666666666666,-0.8660254037844386,0.5000000000000001
Leche,Leche condensada,Lata 397g,2024,11,2024-11-01,8235,15,9,9713.0,9180.0,11163.0,10018.666666666666,-0.5000000000000004,0.8660254037844384
Leche,Leche condensada,Lata 397g,2024,12,2024-12-01,8596,16,14,8235.0,9713.0,9180.0,9042.666666666666,-2.4492935982947064e-16,1.0
Leche,Leche descremada,Individual,2024,4,2024-04-01,7254,12,10,3477.0,1229.0,4489.0,3065.0,0.8660254037844387,-0.4999999999999998
Leche,Leche descremada,Individual,2024,5,2024-05-01,2332,4,3,7254.0,3477.0,1229.0,3986.6666666666665,0.49999999999999994,-0.8660254037844387
Leche,Leche descremada,Individual,2024,6,2024-06-01,5254,9,6,2332.0,7254.0,3477.0,4354.333333333333,1.2246467991473532e-16,-1.0
Leche,Leche descremada,Individual,2024,7,2024-07-01,4773,10,9,5254.0,2332.0,7254.0,4946.666666666667,-0.4999999999999997,-0.8660254037844388
Leche,Leche descremada,Individual,2024,8,2024-08-01,3798,7,6,4773.0,5254.0,2332.0,4119.666666666667,-0.8660254037844385,-0.5000000000000004
Leche,Leche descremada,Individual,2024,9,2024-09-01,3342,8,7,3798.0,4773.0,5254.0,4608.333333333333,-1.0,-1.8369701987210297e-16
Leche,Leche descremada,Individual,2024,10,2024-10-01,4529,8,8,3342.0,3798.0,4773.0,3971.0,-0.8660254037844386,0.5000000000000001
Leche,Leche descremada,Individual,2024,11,2024-11-01,4270,10,7,4529.0,3342.0,3798.0,3889.6666666666665,-0.5000000000000004,0.8660254037844384
Leche,Leche descremada,Individual,2024,12,2024-12-01,3734,5,5,4270.0,4529.0,3342.0,4047.0,-2.4492935982947064e-16,1.0
Leche,Leche descremada,Litro,2024,4,2024-04-01,4175,8,7,4519.0,3710.0,3586.0,3938.3333333333335,0.8660254037844387,-0.4999999999999998
Leche,Leche descremada,Litro,2024,5,2024-05-01,1608,4,4,4175.0,4519.0,3710.0,4134.666666666667,0.49999999999999994,-0.8660254037844387
Leche,Leche descremada,Litro,2024,6,2024-06-01,6009,9,8,1608.0,4175.0,4519.0,3434.0,1.2246467991473532e-16,-1.0
Leche,Leche descremada,Litro,2024,7,2024-07-01,5718,11,9,6009.0,1608.0,4175.0,3930.6666666666665,-0.4999999999999997,-0.8660254037844388
Leche,Leche descremada,Litro,2024,8,2024-08-01,3420,7,6,5718.0,6009.0,1608.0,4445.0,-0.8660254037844385,-0.5000000000000004
Leche,Leche descremada,Litro,2024,9,2024-09-01,4078,9,7,3420.0,5718.0,6009.0,5049.0,-1.0,-1.8369701987210297e-16
Leche,Leche descremada,Litro,2024,10,2024-10-01,3543,12,10,4078.0,3420.0,5718.0,4405.333333333333,-0.8660254037844386,0.5000000000000001
Leche,Leche descremada,Litro,2024,11,2024-11-01,4738,10,8,3543.0,4078.0,3420.0,3680.3333333333335,-0.5000000000000004,0.8660254037844384
Leche,Leche descremada,Litro,2024,12,2024-12-01,2988,6,4,4738.0,3543.0,4078.0,4119.666666666667,-2.4492935982947064e-16,1.0
Leche,Leche deslactosada,Individual,2024,4,2024-04-01,4134,10,8,2180.0,3447.0,6659.0,4095.3333333333335,0.8660254037844387,-0.4999999999999998
Leche,Leche deslactosada,Individual,2024,5,2024-05-01,3406,5,4,4134.0,2180.0,3447.0,3253.6666666666665,0.49999999999999994,-0.8660254037844387
Leche,Leche deslactosada,Individual,2024,6,2024-06-01,253,1,1,3406.0,4134.0,2180.0,3240.0,1.2246467991473532e-16,-1.0
Leche,Leche deslactosada,Individual,2024,7,2024-07-01,2785,7,6,253.0,3406.0,4134.0,2597.6666666666665,-0.4999999999999997,-0.8660254037844388
Leche,Leche deslactosada,Individual,2024,8,2024-08-01,2641,5,4,2785.0,253.0,3406.0,2148.0,-0.8660254037844385,-0.5000000000000004
Leche,Leche deslactosada,Individual,2024,9,2024-09-01,3534,10,9,2641.0,2785.0,253.0,1893.0,-1.0,-1.8369701987210297e-16
Leche,Leche deslactosada,Individual,2024,10,2024-10-01,3280,5,4,3534.0,2641.0,2785.0,2986.6666666666665,-0.8660254037844386,0.5000000000000001
Leche,Leche deslactosada,Individual,2024,11,2024-11-01,2441,5,5,3280.0,3534.0,2641.0,3151.6666666666665,-0.5000000000000004,0.8660254037844384
Leche,Leche deslactosada,Individual,2024,12,2024-12-01,1509,3,3,2441.0,3280.0,3534.0,3085.0,-2.4492935982947064e-16,1.0
Leche,Leche deslactosada,Litro,2024,4,2024-04-01,5819,10,9,2268.0,4932.0,4042.0,3747.3333333333335,0.8660254037844387,-0.4999999999999998
Leche,Leche deslactosada,Litro,2024,5,2024-05-01,7268,13,8,5819.0,2268.0,4932.0,4339.666666666667,0.49999999999999994,-0.8660254037844387
Leche,Leche deslactosada,Litro,2024,6,2024-06-01,5928,11,8,7268.0,5819.0,2268.0,5118.333333333333,1.2246467991473532e-16,-1.0
Leche,Leche deslactosada,Litro,2024,7,2024-07-01,4229,7,7,5928.0,7268.0,5819.0,6338.333333333333,-0.4999999999999997,-0.8660254037844388
Leche,Leche deslactosada,Litro,2024,8,2024-08-01,6145,10,7,4229.0,5928.0,7268.0,5808.333333333333,-0.8660254037844385,-0.5000000000000004
Leche,Leche deslactosada,Litro,2024,9,2024-09-01,5434,12,10,6145.0,4229.0,5928.0,5434.0,-1.0,-1.8369701987210297e-16
Leche,Leche deslactosada,Litro,2024,10,2024-10-01,3821,8,8,5434.0,6145.0,4229.0,5269.333333333333,-0.8660254037844386,0.5000000000000001
Leche,Leche deslactosada,Litro,2024,11,2024-11-01,2079,5,5,3821.0,5434.0,6145.0,5133.333333333333,-0.5000000000000004,0.8660254037844384
Leche,Leche deslactosada,Litro,2024,12,2024-12-01,3516,7,7,2079.0,3821.0,5434.0,3778.0,-2.4492935982947064e-16,1.0
Leche,Leche en polvo,Bolsa 400g,2024,4,2024-04-01,4552,7,6,3333.0,6068.0,2807.0,4069.3333333333335,0.8660254037844387,-0.4999999999999998
Leche,Leche en polvo,Bolsa 400g,2024,5,2024-05-01,7001,13,11,4552.0,3333.0,6068.0,4651.0,0.49999999999999994,-0.8660254037844387
Leche,Leche en polvo,Bolsa 400g,2024,6,2024-06-01,3447,12,8,7001.0,4552.0,3333.0,4962.0,1.2246467991473532e-16,-1.0
Leche,Leche en polvo,Bolsa 400g,2024,7,2024-07-01,5832,11,9,3447.0,7001.0,4552.0,5000.0,-0.4999999999999997,-0.8660254037844388
Leche,Leche en polvo,Bolsa 400g,2024,8,2024-08-01,6208,10,8,5832.0,3447.0,7001.0,5426.666666666667,-0.8660254037844385,-0.5000000000000004
Leche,Leche en polvo,Bolsa 400g,2024,9,2024-09-01,6060,13,8,6208.0,5832.0,3447.0,5162.333333333333,-1.0,-1.8369701987210297e-16
Leche,Leche en polvo,Bolsa 400g,2024,10,2024-10-01,2911,8,6,6060.0,6208.0,5832.0,6033.333333333333,-0.8660254037844386,0.5000000000000001
Leche,Leche en polvo,Bolsa 400g,2024,11,2024-11-01,2907,7,6,2911.0,6060.0,6208.0,5059.666666666667,-0.5000000000000004,0.8660254037844384
Leche,Leche en polvo,Bolsa 400g,2024,12,2024-12-01,2544,6,5,2907.0,2911.0,6060.0,3959.3333333333335,-2.4492935982947064e-16,1.0
Leche,Leche en polvo,Bolsa 800g,2024,4,2024-04-01,3392,6,3,5741.0,3533.0,4845.0,4706.333333333333,0.8660254037844387,-0.4999999999999998
Leche,Leche en polvo,Bolsa 800g,2024,5,2024-05-01,4451,10,7,3392.0,5741.0,3533.0,4222.0,0.49999999999999994,-0.8660254037844387
Leche,Leche en polvo,Bolsa 800g,2024,6,2024-06-01,4030,7,6,4451.0,3392.0,5741.0,4528.0,1.2246467991473532e-16,-1.0
Leche,Leche en polvo,Bolsa 800g,2024,7,2024-07-01,3870,8,7,4030.0,4451.0,3392.0,3957.6666666666665,-0.4999999999999997,-0.8660254037844388
Leche,Leche en polvo,Bolsa 800g,2024,8,2024-08-01,2041,7,7,3870.0,4030.0,4451.0,4117.0,-0.8660254037844385,-0.5000000000000004
Leche,Leche en polvo,Bolsa 800g,2024,9,2024-09-01,1574,2,2,2041.0,3870.0,4030.0,3313.6666666666665,-1.0,-1.8369701987210297e-16
Leche,Leche en polvo,Bolsa 800g,2024,10,2024-10-01,3918,7,6,1574.0,2041.0,3870.0,2495.0,-0.8660254037844386,0.5000000000000001
Leche,Leche en polvo,Bolsa 800g,2024,11,2024-11-01,2763,6,6,3918.0,1574.0,2041.0,2511.0,-0.5000000000000004,0.8660254037844384
Leche,Leche en polvo,Bolsa 800g,2024,12,2024-12-01,809,3,2,2763.0,3918.0,1574.0,2751.6666666666665,-2.4492935982947064e-16,1.0
Leche,Leche entera,Galón,2024,4,2024-04-01,3435,7,7,2962.0,1631.0,4896.0,3163.0,0.8660254037844387,-0.4999999999999998
Leche,Leche entera,Galón,2024,5,2024-05-01,2897,5,5,3435.0,2962.0,1631.0,2676.0,0.49999999999999994,-0.8660254037844387
Leche,Leche entera,Galón,2024,6,2024-06-01,3289,7,7,2897.0,3435.0,2962.0,3098.0,1.2246467991473532e-16,-1.0
Leche,Leche entera,Galón,2024,7,2024-07-01,3000,6,6,3289.0,2897.0,3435.0,3207.0,-0.4999999999999997,-0.8660254037844388
Leche,Leche entera,Galón,2024,8,2024-08-01,3904,6,6,3000.0,3289.0,2897.0,3062.0,-0.8660254037844385,-0.5000000000000004
Leche,Leche entera,Galón,2024,9,2024-09-01,4350,8,6,3904.0,3000.0,3289.0,3397.6666666666665,-1.0,-1.8369701987210297e-16
Leche,Leche entera,Galón,2024,10,2024-10-01,3611,5,5,4350.0,3904.0,3000.0,3751.3333333333335,-0.8660254037844386,0.5000000000000001
Leche,Leche entera,Galón,2024,11,2024-11-01,3696,6,5,3611.0,4350.0,3904.0,3955.0,-0.5000000000000004,0.8660254037844384
Leche,Leche entera,Galón,2024,12,2024-12-01,2269,3,3,3696.0,3611.0,4350.0,3885.6666666666665,-2.4492935982947064e-16,1.0
Leche,Leche entera,Individual,2024,4,2024-04-01,730,2,2,6297.0,2844.0,2374.0,3838.3333333333335,0.8660254037844387,-0.4999999999999998
Leche,Leche entera,Individual,2024,5,2024-05-01,3521,5,5,730.0,6297.0,2844.0,3290.3333333333335,0.49999999999999994,-0.8660254037844387
Leche,Leche entera,Individual,2024,6,2024-06-01,2356,6,5,3521.0,730.0,6297.0,3516.0,1.2246467991473532e-16,-1.0
Leche,Leche entera,Individual,2024,7,2024-07-01,3038,6,6,2356.0,3521.0,730.0,2202.3333333333335,-0.4999999999999997,-0.8660254037844388
Leche,Leche entera,Individual,2024,8,2024-08-01,5920,9,7,3038.0,2356.0,3521.0,2971.6666666666665,-0.8660254037844385,-0.5000000000000004
Leche,Leche entera,Individual,2024,9,2024-09-01,780,3,3,5920.0,3038.0,2356.0,3771.3333333333335,-1.0,-1.8369701987210297e-16
Leche,Leche entera,Individual,2024,10,2024-10-01,4655,9,7,780.0,5920.0,3038.0,3246.0,-0.8660254037844386,0.5000000000000001
Leche,Leche entera,Individual,2024,11,2024-11-01,2123,7,6,4655.0,780.0,5920.0,3785.0,-0.5000000000000004,0.8660254037844384
Leche,Leche entera,Individual,2024,12,2024-12-01,3791,7,6,2123.0,4655.0,780.0,2519.3333333333335,-2.4492935982947064e-16,1.0
Leche,Leche entera,Litro,2024,4,2024-04-01,2756,7,7,1664.0,3034.0,1384.0,2027.3333333333333,0.8660254037844387,-0.4999999999999998
Leche,Leche entera,Litro,2024,5,2024-05-01,4007,7,6,2756.0,1664.0,3034.0,2484.6666666666665,0.49999999999999994,-0.8660254037844387
Leche,Leche entera,Litro,2024,6,2024-06-01,1685,5,4,4007.0,2756.0,1664.0,2809.0,1.2246467991473532e-16,-1.0
Leche,Leche entera,Litro,2024,7,2024-07-01,1726,5,5,1685.0,4007.0,2756.0,2816.0,-0.4999999999999997,-0.8660254037844388
Leche,Leche entera,Litro,2024,8,2024-08-01,2795,5,4,1726.0,1685.0,4007.0,2472.6666666666665,-0.8660254037844385,-0.5000000000000004
Leche,Leche entera,Litro,2024,9,2024-09-01,768,2,2,2795.0,1726.0,1685.0,2068.6666666666665,-1.0,-1.8369701987210297e-16
Leche,Leche entera,Litro,2024,10,2024-10-01,114,2,2,768.0,2795.0,1726.0,1763.0,-0.8660254037844386,0.5000000000000001
Leche,Leche entera,Litro,2024,11,2024-11-01,3261,7,7,114.0,768.0,2795.0,1225.6666666666667,-0.5000000000000004,0.8660254037844384
Leche,Leche entera,Litro,2024,12,2024-12-01,2841,6,5,3261.0,114.0,768.0,1381.0,-2.4492935982947064e-16,1.0
Leche,Leche evaporada,Lata 354ml,2024,4,2024-04-01,10901,20,13,6541.0,11276.0,8083.0,8633.333333333334,0.8660254037844387,-0.4999999999999998
Leche,Leche evaporada,Lata 354ml,2024,5,2024-05-01,7958,16,9,10901.0,6541.0,11276.0,9572.666666666666,0.49999999999999994,-0.8660254037844387
Leche,Leche evaporada,Lata 354ml,2024,6,2024-06-01,5276,9,7,7958.0,10901.0,6541.0,8466.666666666666,1.2246467991473532e-16,-1.0
Leche,Leche evaporada,Lata 354ml,2024,7,2024-07-01,7973,14,11,5276.0,7958.0,10901.0,8045.0,-0.4999999999999997,-0.8660254037844388
Leche,Leche evaporada,Lata 354ml,2024,8,2024-08-01,7066,14,10,7973.0,5276.0,7958.0,7069.0,-0.8660254037844385,-0.5000000000000004
Leche,Leche evaporada,Lata 354ml,2024,9,2024-09-01,9685,17,12,7066.0,7973.0,5276.0,6771.666666666667,-1.0,-1.8369701987210297e-16
Leche,Leche evaporada,Lata 354ml,2024,10,2024-10-01,5388,15,10,9685.0,7066.0,7973.0,8241.333333333334,-0.8660254037844386,0.5000000000000001
Leche,Leche evaporada,Lata 354ml,2024,11,2024-11-01,4398,7,7,5388.0,9685.0,7066.0,7379.666666666667,-0.5000000000000004,0.8660254037844384
Leche,Leche evaporada,Lata 354ml,2024,12,2024-12-01,3136,7,6,4398.0,5388.0,9685.0,6490.333333333333,-2.4492935982947064e-16,1.0
Leche,Leche saborizada,Botella 500 ml,2024,4,2024-04-01,4711,10,8,4839.0,1325.0,2248.0,2804.0,0.8660254037844387,-0.4999999999999998
Leche,Leche saborizada,Botella 500 ml,2024,5,2024-05-01,3603,8,7,4711.0,4839.0,1325.0,3625.0,0.49999999999999994,-0.8660254037844387
Leche,Leche saborizada,Botella 500 ml,2024,6,2024-06-01,2291,5,5,3603.0,4711.0,4839.0,4384.333333333333,1.2246467991473532e-16,-1.0
Leche,Leche saborizada,Botella 500 ml,2024,7,2024-07-01,3488,6,6,2291.0,3603.0,4711.0,3535.0,-0.4999999999999997,-0.8660254037844388
Leche,Leche saborizada,Botella 500 ml,2024,8,2024-08-01,5486,11,9,3488.0,2291.0,3603.0,3127.3333333333335,-0.8660254037844385,-0.5000000000000004
Leche,Leche saborizada,Botella 500 ml,2024,9,2024-09-01,3546,8,8,5486.0,3488.0,2291.0,3755.0,-1.0,-1.8369701987210297e-16
Leche,Leche saborizada,Botella 500 ml,2024,10,2024-10-01,4984,9,7,3546.0,5486.0,3488.0,4173.333333333333,-0.8660254037844386,0.5000000000000001
Leche,Leche saborizada,Botella 500 ml,2024,11,2024-11-01,4713,8,7,4984.0,3546.0,5486.0,4672.0,-0.5000000000000004,0.8660254037844384
Leche,Leche saborizada,Botella 500 ml,2024,12,2024-12-01,7083,16,13,4713.0,4984.0,3546.0,4414.333333333333,-2.4492935982947064e-16,1.0
Leche,Leche saborizada,Individual,2024,4,2024-04-01,4030,10,7,6551.0,4456.0,3146.0,4717.666666666667,0.8660254037844387,-0.4999999999999998
Leche,Leche saborizada,Individual,2024,5,2024-05-01,1626,4,4,4030.0,6551.0,4456.0,5012.333333333333,0.49999999999999994,-0.8660254037844387
Leche,Leche saborizada,Individual,2024,6,2024-06-01,4030,9,7,1626.0,4030.0,6551.0,4069.0,1.2246467991473532e-16,-1.0
Leche,Leche saborizada,Individual,2024,7,2024-07-01,4553,10,9,4030.0,1626.0,4030.0,3228.6666666666665,-0.4999999999999997,-0.8660254037844388
Leche,Leche saborizada,Individual,2024,8,2024-08-01,1802,5,5,4553.0,4030.0,1626.0,3403.0,-0.8660254037844385,-0.5000000000000004
Leche,Leche saborizada,Individual,2024,9,2024-09-01,6747,10,7,1802.0,4553.0,4030.0,3461.6666666666665,-1.0,-1.8369701987210297e-16
Leche,Leche saborizada,Individual,2024,10,2024-10-01,5636,10,7,6747.0,1802.0,4553.0,4367.333333333333,-0.8660254037844386,0.5000000000000001
Leche,Leche saborizada,Individual,2024,11,2024-11-01,4762,7,5,5636.0,6747.0,1802.0,4728.333333333333,-0.5000000000000004,0.8660254037844384
Leche,Leche saborizada,Individual,2024,12,2024-12-01,3158,7,6,4762.0,5636.0,6747.0,5715.0,-2.4492935982947064e-16,1.0
Leche,Leche semidescremada,Individual,2024,4,2024-04-01,3913,9,8,2902.0,3743.0,5639.0,4094.6666666666665,0.8660254037844387,-0.4999999999999998
Leche,Leche semidescremada,Individual,2024,5,2024-05-01,3651,5,3,3913.0,2902.0,3743.0,3519.3333333333335,0.49999999999999994,-0.8660254037844387
Leche,Leche semidescremada,Individual,2024,6,2024-06-01,3097,6,6,3651.0,3913.0,2902.0,3488.6666666666665,1.2246467991473532e-16,-1.0
Leche,Leche semidescremada,Individual,2024,7,2024-07-01,921,3,3,3097.0,3651.0,3913.0,3553.6666666666665,-0.4999999999999997,-0.8660254037844388
Leche,Leche semidescremada,Individual,2024,8,2024-08-01,8911,15,10,921.0,3097.0,3651.0,2556.3333333333335,-0.8660254037844385,-0.5000000000000004
Leche,Leche semidescremada,Individual,2024,9,2024-09-01,2796,4,4,8911.0,921.0,3097.0,4309.666666666667,-1.0,-1.8369701987210297e-16
Leche,Leche semidescremada,Individual,2024,10,2024-10-01,2243,5,5,2796.0,8911.0,921.0,4209.333333333333,-0.8660254037844386,0.5000000000000001
Leche,Leche semidescremada,Individual,2024,11,2024-11-01,3302,5,5,2243.0,2796.0,8911.0,4650.0,-0.5000000000000004,0.8660254037844384
Leche,Leche semidescremada,Individual,2024,12,2024-12-01,1790,4,3,3302.0,2243.0,2796.0,2780.3333333333335,-2.4492935982947064e-16,1.0
Leche,Leche semidescremada,Litro,2024,4,2024-04-01,2935,6,5,5065.0,7074.0,5322.0,5820.333333333333,0.8660254037844387,-0.4999999999999998
Leche,Leche semidescremada,Litro,2024,5,2024-05-01,1309,5,5,2935.0,5065.0,7074.0,5024.666666666667,0.49999999999999994,-0.8660254037844387
Leche,Leche semidescremada,Litro,2024,6,2024-06-01,3128,9,6,1309.0,2935.0,5065.0,3103.0,1.2246467991473532e-16,-1.0
Leche,Leche semidescremada,Litro,2024,7,2024-07-01,3511,8,6,3128.0,1309.0,2935.0,2457.3333333333335,-0.4999999999999997,-0.8660254037844388
Leche,Leche semidescremada,Litro,2024,8,2024-08-01,2634,7,7,3511.0,3128.0,1309.0,2649.3333333333335,-0.8660254037844385,-0.5000000000000004
Leche,Leche semidescremada,Litro,2024,9,2024-09-01,3368,6,5,2634.0,3511.0,3128.0,3091.0,-1.0,-1.8369701987210297e-16
Leche,Leche semidescremada,Litro,2024,10,2024-10-01,3569,9,8,3368.0,2634.0,3511.0,3171.0,-0.8660254037844386,0.5000000000000001
Leche,Leche semidescremada,Litro,2024,11,2024-11-01,1438,5,5,3569.0,3368.0,2634.0,3190.3333333333335,-0.5000000000000004,0.8660254037844384
Leche,Leche semidescremada,Litro,2024,12,2024-12-01,4175,9,8,1438.0,3569.0,3368.0,2791.6666666666665,-2.4492935982947064e-16,1.0
Mantequilla,Mantequilla clarificada (ghee),Frasco 300ml,2024,4,2024-04-01,23575,47,19,22691.0,26721.0,26785.0,25399.0,0.8660254037844387,-0.4999999999999998
Mantequilla,Mantequilla clarificada (ghee),Frasco 300ml,2024,5,2024-05-01,18226,37,17,23575.0,22691.0,26721.0,24329.0,0.49999999999999994,-0.8660254037844387
Mantequilla,Mantequilla clarificada (ghee),Frasco 300ml,2024,6,2024-06-01,23781,44,16,18226.0,23575.0,22691.0,21497.333333333332,1.2246467991473532e-16,-1.0
Mantequilla,Mantequilla clarificada (ghee),Frasco 300ml,2024,7,2024-07-01,25641,45,20,23781.0,18226.0,23575.0,21860.666666666668,-0.4999999999999997,-0.8660254037844388
Mantequilla,Mantequilla clarificada (ghee),Frasco 300ml,2024,8,2024-08-01,21212,38,19,25641.0,23781.0,18226.0,22549.333333333332,-0.8660254037844385,-0.5000000000000004
Mantequilla,Mantequilla clarificada (ghee),Frasco 300ml,2024,9,2024-09-01,19961,45,17,21212.0,25641.0,23781.0,23544.666666666668,-1.0,-1.8369701987210297e-16
Mantequilla,Mantequilla clarificada (ghee),Frasco 300ml,2024,10,2024-10-01,28962,54,18,19961.0,21212.0,25641.0,22271.333333333332,-0.8660254037844386,0.5000000000000001
Mantequilla,Mantequilla clarificada (ghee),Frasco 300ml,2024,11,2024-11-01,24013,51,18,28962.0,19961.0,21212.0,23378.333333333332,-0.5000000000000004,0.8660254037844384
Mantequilla,Mantequilla clarificada (ghee),Frasco 300ml,2024,12,2024-12-01,20264,42,18,24013.0,28962.0,19961.0,24312.0,-2.4492935982947064e-16,1.0
Mantequilla,Mantequilla con sal,Paquete 454g,2024,4,2024-04-01,23684,40,17,26639.0,18826.0,27240.0,24235.0,0.8660254037844387,-0.4999999999999998
Mantequilla,Mantequilla con sal,Paquete 454g,2024,5,2024-05-01,22978,48,18,23684.0,26639.0,18826.0,23049.666666666668,0.49999999999999994,-0.8660254037844387
Mantequilla,Mantequilla con sal,Paquete 454g,2024,6,2024-06-01,26012,48,19,22978.0,23684.0,26639.0,24433.666666666668,1.2246467991473532e-16,-1.0
Mantequilla,Mantequilla con sal,Paquete 454g,2024,7,2024-07-01,29026,56,19,26012.0,22978.0,23684.0,24224.666666666668,-0.4999999999999997,-0.8660254037844388
Mantequilla,Mantequilla con sal,Paquete 454g,2024,8,2024-08-01,27891,57,19,29026.0,26012.0,22978.0,26005.333333333332,-0.8660254037844385,-0.5000000000000004
Mantequilla,Mantequilla con sal,Paquete 454g,2024,9,2024-09-01,22259,47,20,27891.0,29026.0,26012.0,27643.0,-1.0,-1.8369701987210297e-16
Mantequilla,Mantequilla con sal,Paquete 454g,2024,10,2024-10-01,31778,66,19,22259.0,27891.0,29026.0,26392.0,-0.8660254037844386,0.5000000000000001
Mantequilla,Mantequilla con sal,Paquete 454g,2024,11,2024-11-01,21848,52,18,31778.0,22259.0,27891.0,27309.333333333332,-0.5000000000000004,0.8660254037844384
Mantequilla,Mantequilla con sal,Paquete 454g,2024,12,2024-12-01,16556,40,16,21848.0,31778.0,22259.0,25295.0,-2.4492935982947064e-16,1.0
Mantequilla,Mantequilla sin sal,Paquete 454g,2024,4,2024-04-01,25017,48,19,20041.0,22941.0,22233.0,21738.333333333332,0.8660254037844387,-0.4999999999999998
Mantequilla,Mantequilla sin sal,Paquete 454g,2024,5,2024-05-01,23878,58,18,25017.0,20041.0,22941.0,22666.333333333332,0.49999999999999994,-0.8660254037844387
Mantequilla,Mantequilla sin sal,Paquete 454g,2024,6,2024-06-01,27274,54,18,23878.0,25017.0,20041.0,22978.666666666668,1.2246467991473532e-16,-1.0
Mantequilla,Mantequilla sin sal,Paquete 454g,2024,7,2024-07-01,13418,34,14,27274.0,23878.0,25017.0,25389.666666666668,-0.4999999999999997,-0.8660254037844388
Mantequilla,Mantequilla sin sal,Paquete 454g,2024,8,2024-08-01,22905,45,17,13418.0,27274.0,23878.0,21523.333333333332,-0.8660254037844385,-0.5000000000000004
Mantequilla,Mantequilla sin sal,Paquete 454g,2024,9,2024-09-01,28218,49,19,22905.0,13418.0,27274.0,21199.0,-1.0,-1.8369701987210297e-16
Mantequilla,Mantequilla sin sal,Paquete 454g,2024,10,2024-10-01,25861,53,20,28218.0,22905.0,13418.0,21513.666666666668,-0.8660254037844386,0.5000000000000001
Mantequilla,Mantequilla sin sal,Paquete 454g,2024,11,2024-11-01,22273,46,18,25861.0,28218.0,22905.0,25661.333333333332,-0.5000000000000004,0.8660254037844384
Mantequilla,Mantequilla sin sal,Paquete 454g,2024,12,2024-12-01,28234,51,20,22273.0,25861.0,28218.0,25450.666666666668,-2.4492935982947064e-16,1.0
Otros,Cuajada,Envase 250g,2024,4,2024-04-01,18409,41,19,15225.0,19189.0,16437.0,16950.333333333332,0.8660254037844387,-0.4999999999999998
Otros,Cuajada,Envase 250g,2024,5,2024-05-01,16654,36,16,18409.0,15225.0,19189.0,17607.666666666668,0.49999999999999994,-0.8660254037844387
Otros,Cuajada,Envase 250g,2024,6,2024-06-01,17773,36,16,16654.0,18409.0,15225.0,16762.666666666668,1.2246467991473532e-16,-1.0
Otros,Cuajada,Envase 250g,2024,7,2024-07-01,17723,34,15,17773.0,16654.0,18409.0,17612.0,-0.4999999999999997,-0.8660254037844388
Otros,Cuajada,Envase 250g,2024,8,2024-08-01,21621,35,17,17723.0,17773.0,16654.0,17383.333333333332,-0.8660254037844385,-0.5000000000000004
Otros,Cuajada,Envase 250g,2024,9,2024-09-01,16848,30,16,21621.0,17723.0,17773.0,19039.0,-1.0,-1.8369701987210297e-16
Otros,Cuajada,Envase 250g,2024,10,2024-10-01,12908,28,15,16848.0,21621.0,17723.0,18730.666666666668,-0.8660254037844386,0.5000000000000001
Otros,Cuajada,Envase 250g,2024,11,2024-11-01,16552,33,16,12908.0,16848.0,21621.0,17125.666666666668,-0.5000000000000004,0.8660254037844384
Otros,Cuajada,Envase 250g,2024,12,2024-12-01,14867,28,16,16552.0,12908.0,16848.0,15436.0,-2.4492935982947064e-16,1.0
Otros,Dulce de leche,Frasco 250g,2024,4,2024-04-01,12127,30,16,16313.0,13596.0,19057.0,16322.0,0.8660254037844387,-0.4999999999999998
Otros,Dulce de leche,Frasco 250g,2024,5,2024-05-01,24174,46,18,12127.0,16313.0,13596.0,14012.0,0.49999999999999994,-0.8660254037844387
Otros,Dulce de leche,Frasco 250g,2024,6,2024-06-01,16181,32,17,24174.0,12127.0,16313.0,17538.0,1.2246467991473532e-16,-1.0
Otros,Dulce de leche,Frasco 250g,2024,7,2024-07-01,18901,32,17,16181.0,24174.0,12127.0,17494.0,-0.4999999999999997,-0.8660254037844388
Otros,Dulce de leche,Frasco 250g,2024,8,2024-08-01,15441,32,15,18901.0,16181.0,24174.0,19752.0,-0.8660254037844385,-0.5000000000000004
Otros,Dulce de leche,Frasco 250g,2024,9,2024-09-01,19244,45,18,15441.0,18901.0,16181.0,16841.0,-1.0,-1.8369701987210297e-16
Otros,Dulce de leche,Frasco 250g,2024,10,2024-10-01,18226,38,16,19244.0,15441.0,18901.0,17862.0,-0.8660254037844386,0.5000000000000001
Otros,Dulce de leche,Frasco 250g,2024,11,2024-11-01,18862,39,18,18226.0,19244.0,15441.0,17637.0,-0.5000000000000004,0.8660254037844384
Otros,Dulce de leche,Frasco 250g,2024,12,2024-12-01,19784,41,18,18862.0,18226.0,19244.0,18777.333333333332,-2.4492935982947064e-16,1.0
Otros,Helado,Barra individual,2024,4,2024-04-01,13259,21,13,5007.0,6480.0,5769.0,5752.0,0.8660254037844387,-0.4999999999999998
Otros,Helado,Barra individual,2024,5,2024-05-01,4425,11,10,13259.0,5007.0,6480.0,8248.666666666666,0.49999999999999994,-0.8660254037844387
Otros,Helado,Barra individual,2024,6,2024-06-01,9392,20,12,4425.0,13259.0,5007.0,7563.666666666667,1.2246467991473532e-16,-1.0
Otros,Helado,Barra individual,2024,7,2024-07-01,10438,19,12,9392.0,4425.0,13259.0,9025.333333333334,-0.4999999999999997,-0.8660254037844388
Otros,Helado,Barra individual,2024,8,2024-08-01,10958,21,12,10438.0,9392.0,4425.0,8085.0,-0.8660254037844385,-0.5000000000000004
Otros,Helado,Barra individual,2024,9,2024-09-01,9148,14,10,10958.0,10438.0,9392.0,10262.666666666666,-1.0,-1.8369701987210297e-16
Otros,Helado,Barra individual,2024,10,2024-10-01,8126,19,12,9148.0,10958.0,10438.0,10181.333333333334,-0.8660254037844386,0.5000000000000001
Otros,Helado,Barra individual,2024,11,2024-11-01,10060,18,12,8126.0,9148.0,10958.0,9410.666666666666,-0.5000000000000004,0.8660254037844384
Otros,Helado,Barra individual,2024,12,2024-12-01,7764,11,9,10060.0,8126.0,9148.0,9111.333333333334,-2.4492935982947064e-16,1.0
Otros,Helado,Tarrina 500ml,2024,4,2024-04-01,7545,13,10,8196.0,8162.0,7788.0,8048.666666666667,0.8660254037844387,-0.4999999999999998
Otros,Helado,Tarrina 500ml,2024,5,2024-05-01,8519,14,11,7545.0,8196.0,8162.0,7967.666666666667,0.49999999999999994,-0.8660254037844387
Otros,Helado,Tarrina 500ml,2024,6,2024-06-01,10234,21,13,8519.0,7545.0,8196.0,8086.666666666667,1.2246467991473532e-16,-1.0
Otros,Helado,Tarrina 500ml,2024,7,2024-07-01,5537,14,12,10234.0,8519.0,7545.0,8766.0,-0.4999999999999997,-0.8660254037844388
Otros,Helado,Tarrina 500ml,2024,8,2024-08-01,12172,27,16,5537.0,10234.0,8519.0,8096.666666666667,-0.8660254037844385,-0.5000000000000004
Otros,Helado,Tarrina 500ml,2024,9,2024-09-01,9664,18,13,12172.0,5537.0,10234.0,9314.333333333334,-1.0,-1.8369701987210297e-16
Otros,Helado,Tarrina 500ml,2024,10,2024-10-01,7243,14,10,9664.0,12172.0,5537.0,9124.333333333334,-0.8660254037844386,0.5000000000000001
Otros,Helado,Tarrina 500ml,2024,11,2024-11-01,9964,20,14,7243.0,9664.0,12172.0,9693.0,-0.5000000000000004,0.8660254037844384
Otros,Helado,Tarrina 500ml,2024,12,2024-12-01,8192,17,12,9964.0,7243.0,9664.0,8957.0,-2.4492935982947064e-16,1.0
Otros,Suero de leche,Botella 1L,2024,4,2024-04-01,21347,39,16,19122.0,14753.0,17901.0,17258.666666666668,0.8660254037844387,-0.4999999999999998
Otros,Suero de leche,Botella 1L,2024,5,2024-05-01,18225,38,18,21347.0,19122.0,14753.0,18407.333333333332,0.49999999999999994,-0.8660254037844387
Otros,Suero de leche,Botella 1L,2024,6,2024-06-01,17654,36,17,18225.0,21347.0,19122.0,19564.666666666668,1.2246467991473532e-16,-1.0
Otros,Suero de leche,Botella 1L,2024,7,2024-07-01,19220,40,18,17654.0,18225.0,21347.0,19075.333333333332,-0.4999999999999997,-0.8660254037844388
Otros,Suero de leche,Botella 1L,2024,8,2024-08-01,20424,38,19,19220.0,17654.0,18225.0,18366.333333333332,-0.8660254037844385,-0.5000000000000004
Otros,Suero de leche,Botella 1L,2024,9,2024-09-01,16212,37,18,20424.0,19220.0,17654.0,19099.333333333332,-1.0,-1.8369701987210297e-16
Otros,Suero de leche,Botella 1L,2024,10,2024-10-01,16736,39,17,16212.0,20424.0,19220.0,18618.666666666668,-0.8660254037844386,0.5000000000000001
Otros,Suero de leche,Botella 1L,2024,11,2024-11-01,15092,33,16,16736.0,16212.0,20424.0,17790.666666666668,-0.5000000000000004,0.8660254037844384
Otros,Suero de leche,Botella 1L,2024,12,2024-12-01,25712,45,19,15092.0,16736.0,16212.0,16013.333333333334,-2.4492935982947064e-16,1.0
Quesos,Queso azul gorgonzola,Cuña 150g,2024,4,2024-04-01,5969,14,11,9005.0,4209.0,3372.0,5528.666666666667,0.8660254037844387,-0.4999999999999998
Quesos,Queso azul gorgonzola,Cuña 150g,2024,5,2024-05-01,3986,11,8,5969.0,9005.0,4209.0,6394.333333333333,0.49999999999999994,-0.8660254037844387
Quesos,Queso azul gorgonzola,Cuña 150g,2024,6,2024-06-01,3868,8,8,3986.0,5969.0,9005.0,6320.0,1.2246467991473532e-16,-1.0
Quesos,Queso azul gorgonzola,Cuña 150g,2024,7,2024-07-01,5702,12,7,3868.0,3986.0,5969.0,4607.666666666667,-0.4999999999999997,-0.8660254037844388
Quesos,Queso azul gorgonzola,Cuña 150g,2024,8,2024-08-01,4362,10,5,5702.0,3868.0,3986.0,4518.666666666667,-0.8660254037844385,-0.5000000000000004
Quesos,Queso azul gorgonzola,Cuña 150g,2024,9,2024-09-01,4613,9,7,4362.0,5702.0,3868.0,4644.0,-1.0,-1.8369701987210297e-16
Quesos,Queso azul gorgonzola,Cuña 150g,2024,10,2024-10-01,4156,9,8,4613.0,4362.0,5702.0,4892.333333333333,-0.8660254037844386,0.5000000000000001
Quesos,Queso azul gorgonzola,Cuña 150g,2024,11,2024-11-01,2072,7,6,4156.0,4613.0,4362.0,4377.0,-0.5000000000000004,0.8660254037844384
Quesos,Queso azul gorgonzola,Cuña 150g,2024,12,2024-12-01,2081,7,7,2072.0,4156.0,4613.0,3613.6666666666665,-2.4492935982947064e-16,1.0
Quesos,Queso azul roquefort,Cuña 150g,2024,4,2024-04-01,3619,5,5,3609.0,2839.0,4088.0,3512.0,0.8660254037844387,-0.4999999999999998
Quesos,Queso azul roquefort,Cuña 150g,2024,5,2024-05-01,4325,10,10,3619.0,3609.0,2839.0,3355.6666666666665,0.49999999999999994,-0.8660254037844387
Quesos,Queso azul roquefort,Cuña 150g,2024,6,2024-06-01,5341,10,9,4325.0,3619.0,3609.0,3851.0,1.2246467991473532e-16,-1.0
Quesos,Queso azul roquefort,Cuña 150g,2024,7,2024-07-01,4003,8,7,5341.0,4325.0,3619.0,4428.333333333333,-0.4999999999999997,-0.8660254037844388
Quesos,Queso azul roquefort,Cuña 150g,2024,8,2024-08-01,5408,10,8,4003.0,5341.0,4325.0,4556.333333333333,-0.8660254037844385,-0.5000000000000004
Quesos,Queso azul roquefort,Cuña 150g,2024,9,2024-09-01,5266,10,8,5408.0,4003.0,5341.0,4917.333333333333,-1.0,-1.8369701987210297e-16
Quesos,Queso azul roquefort,Cuña 150g,2024,10,2024-10-01,1510,4,4,5266.0,5408.0,4003.0,4892.333333333333,-0.8660254037844386,0.5000000000000001
Quesos,Queso azul roquefort,Cuña 150g,2024,11,2024-11-01,3338,7,7,1510.0,5266.0,5408.0,4061.3333333333335,-0.5000000000000004,0.8660254037844384
Quesos,Queso azul roquefort,Cuña 150g,2024,12,2024-12-01,2859,8,6,3338.0,1510.0,5266.0,3371.3333333333335,-2.4492935982947064e-16,1.0
Quesos,Queso blanco,Bloque 500g,2024,4,2024-04-01,1640,3,3,3524.0,3322.0,5283.0,4043.0,0.8660254037844387,-0.4999999999999998
Quesos,Queso blanco,Bloque 500g,2024,5,2024-05-01,5326,11,10,1640.0,3524.0,3322.0,2828.6666666666665,0.49999999999999994,-0.8660254037844387
Quesos,Queso blanco,Bloque 500g,2024,6,2024-06-01,6391,13,9,5326.0,1640.0,3524.0,3496.6666666666665,1.2246467991473532e-16,-1.0
Quesos,Queso blanco,Bloque 500g,2024,7,2024-07-01,2685,6,6,6391.0,5326.0,1640.0,4452.333333333333,-0.4999999999999997,-0.8660254037844388
Quesos,Queso blanco,Bloque 500g,2024,8,2024-08-01,4755,10,8,2685.0,6391.0,5326.0,4800.666666666667,-0.8660254037844385,-0.5000000000000004
Quesos,Queso blanco,Bloque 500g,2024,9,2024-09-01,4145,9,9,4755.0,2685.0,6391.0,4610.333333333333,-1.0,-1.8369701987210297e-16
Quesos,Queso blanco,Bloque 500g,2024,10,2024-10-01,2635,7,6,4145.0,4755.0,2685.0,3861.6666666666665,-0.8660254037844386,0.5000000000000001
Quesos,Queso blanco,Bloque 500g,2024,11,2024-11-01,3512,7,5,2635.0,4145.0,4755.0,3845.0,-0.5000000000000004,0.8660254037844384
Quesos,Queso blanco,Bloque 500g,2024,12,2024-12-01,2746,7,3,3512.0,2635.0,4145.0,3430.6666666666665,-2.4492935982947064e-16,1.0
Quesos,Queso brie,Cuña 200g,2024,4,2024-04-01,4010,7,7,1139.0,4329.0,5191.0,3553.0,0.8660254037844387,-0.4999999999999998
Quesos,Queso brie,Cuña 200g,2024,5,2024-05-01,4279,9,7,4010.0,1139.0,4329.0,3159.3333333333335,0.49999999999999994,-0.8660254037844387
Quesos,Queso brie,Cuña 200g,2024,6,2024-06-01,5756,10,8,4279.0,4010.0,1139.0,3142.6666666666665,1.2246467991473532e-16,-1.0
Quesos,Queso brie,Cuña 200g,2024,7,2024-07-01,3455,7,5,5756.0,4279.0,4010.0,4681.666666666667,-0.4999999999999997,-0.8660254037844388
Quesos,Queso brie,Cuña 200g,2024,8,2024-08-01,8238,18,12,3455.0,5756.0,4279.0,4496.666666666667,-0.8660254037844385,-0.5000000000000004
Quesos,Queso brie,Cuña 200g,2024,9,2024-09-01,7920,14,12,8238.0,3455.0,5756.0,5816.333333333333,-1.0,-1.8369701987210297e-16
Quesos,Queso brie,Cuña 200g,2024,10,2024-10-01,3265,9,9,7920.0,8238.0,3455.0,6537.666666666667,-0.8660254037844386,0.5000000000000001
Quesos,Queso brie,Cuña 200g,2024,11,2024-11-01,6256,11,9,3265.0,7920.0,8238.0,6474.333333333333,-0.5000000000000004,0.8660254037844384
Quesos,Queso brie,Cuña 200g,2024,12,2024-12-01,2839,8,7,6256.0,3265.0,7920.0,5813.666666666667,-2.4492935982947064e-16,1.0
Quesos,Queso camembert,Cuña 200g,2024,4,2024-04-01,2007,4,4,6405.0,4130.0,5825.0,5453.333333333333,0.8660254037844387,-0.4999999999999998
Quesos,Queso camembert,Cuña 200g,2024,5,2024-05-01,4125,8,6,2007.0,6405.0,4130.0,4180.666666666667,0.49999999999999994,-0.8660254037844387
Quesos,Queso camembert,Cuña 200g,2024,6,2024-06-01,5697,8,8,4125.0,2007.0,6405.0,4179.0,1.2246467991473532e-16,-1.0
Quesos,Queso camembert,Cuña 200g,2024,7,2024-07-01,7422,14,10,5697.0,4125.0,2007.0,3943.0,-0.4999999999999997,-0.8660254037844388
Quesos,Queso camembert,Cuña 200g,2024,8,2024-08-01,6678,11,11,7422.0,5697.0,4125.0,5748.0,-0.8660254037844385,-0.5000000000000004
Quesos,Queso camembert,Cuña 200g,2024,9,2024-09-01,3105,8,7,6678.0,7422.0,5697.0,6599.0,-1.0,-1.8369701987210297e-16
Quesos,Queso camembert,Cuña 200g,2024,10,2024-10-01,4758,8,7,3105.0,6678.0,7422.0,5735.0,-0.8660254037844386,0.5000000000000001
Quesos,Queso camembert,Cuña 200g,2024,11,2024-11-01,3604,7,6,4758.0,3105.0,6678.0,4847.0,-0.5000000000000004,0.8660254037844384
Quesos,Queso camembert,Cuña 200g,2024,12,2024-12-01,3165,6,5,3604.0,4758.0,3105.0,3822.3333333333335,-2.4492935982947064e-16,1.0
Quesos,Queso cheddar añejo,Bloque 300g,2024,4,2024-04-01,6311,12,7,3952.0,6426.0,5568.0,5315.333333333333,0.8660254037844387,-0.4999999999999998
Quesos,Queso cheddar añejo,Bloque 300g,2024,5,2024-05-01,3551,8,6,6311.0,3952.0,6426.0,5563.0,0.49999999999999994,-0.8660254037844387
Quesos,Queso cheddar añejo,Bloque 300g,2024,6,2024-06-01,7455,12,9,3551.0,6311.0,3952.0,4604.666666666667,1.2246467991473532e-16,-1.0
Quesos,Queso cheddar añejo,Bloque 300g,2024,7,2024-07-01,3365,6,6,7455.0,3551.0,6311.0,5772.333333333333,-0.4999999999999997,-0.8660254037844388
Quesos,Queso cheddar añejo,Bloque 300g,2024,8,2024-08-01,2691,9,6,3365.0,7455.0,3551.0,4790.333333333333,-0.8660254037844385,-0.5000000000000004
Quesos,Queso cheddar añejo,Bloque 300g,2024,9,2024-09-01,2559,11,9,2691.0,3365.0,7455.0,4503.666666666667,-1.0,-1.8369701987210297e-16
Quesos,Queso cheddar añejo,Bloque 300g,2024,10,2024-10-01,4313,8,7,2559.0,2691.0,3365.0,2871.6666666666665,-0.8660254037844386,0.5000000000000001
Quesos,Queso cheddar añejo,Bloque 300g,2024,11,2024-11-01,3133,7,5,4313.0,2559.0,2691.0,3187.6666666666665,-0.5000000000000004,0.8660254037844384
Quesos,Queso cheddar añejo,Bloque 300g,2024,12,2024-12-01,6235,13,10,3133.0,4313.0,2559.0,3335.0,-2.4492935982947064e-16,1.0
Quesos,Queso edam,Bloque 300g,2024,4,2024-04-01,4798,11,8,4892.0,8558.0,3156.0,5535.333333333333,0.8660254037844387,-0.4999999999999998
Quesos,Queso edam,Bloque 300g,2024,5,2024-05-01,6067,10,8,4798.0,4892.0,8558.0,6082.666666666667,0.49999999999999994,-0.8660254037844387
Quesos,Queso edam,Bloque 300g,2024,6,2024-06-01,619,3,2,6067.0,4798.0,4892.0,5252.333333333333,1.2246467991473532e-16,-1.0
Quesos,Queso edam,Bloque 300g,2024,7,2024-07-01,4627,9,9,619.0,6067.0,4798.0,3828.0,-0.4999999999999997,-0.8660254037844388
Quesos,Queso edam,Bloque 300g,2024,8,2024-08-01,7266,13,9,4627.0,619.0,6067.0,3771.0,-0.8660254037844385,-0.5000000000000004
Quesos,Queso edam,Bloque 300g,2024,9,2024-09-01,5190,12,9,7266.0,4627.0,619.0,4170.666666666667,-1.0,-1.8369701987210297e-16
Quesos,Queso edam,Bloque 300g,2024,10,2024-10-01,2919,9,7,5190.0,7266.0,4627.0,5694.333333333333,-0.8660254037844386,0.5000000000000001
Quesos,Queso edam,Bloque 300g,2024,11,2024-11-01,2250,7,7,2919.0,5190.0,7266.0,5125.0,-0.5000000000000004,0.8660254037844384
Quesos,Queso edam,Bloque 300g,2024,12,2024-12-01,5456,12,9,2250.0,2919.0,5190.0,3453.0,-2.4492935982947064e-16,1.0
Quesos,Queso en lonchas,Paquete 200g,2024,4,2024-04-01,3511,5,5,6034.0,4148.0,1455.0,3879.0,0.8660254037844387,-0.4999999999999998
Quesos,Queso en lonchas,Paquete 200g,2024,5,2024-05-01,3786,7,6,3511.0,6034.0,4148.0,4564.333333333333,0.49999999999999994,-0.8660254037844387
Quesos,Queso en lonchas,Paquete 200g,2024,6,2024-06-01,9989,19,14,3786.0,3511.0,6034.0,4443.666666666667,1.2246467991473532e-16,-1.0
Quesos,Queso en lonchas,Paquete 200g,2024,7,2024-07-01,5599,10,7,9989.0,3786.0,3511.0,5762.0,-0.4999999999999997,-0.8660254037844388
Quesos,Queso en lonchas,Paquete 200g,2024,8,2024-08-01,5959,11,10,5599.0,9989.0,3786.0,6458.0,-0.8660254037844385,-0.5000000000000004
Quesos,Queso en lonchas,Paquete 200g,2024,9,2024-09-01,8888,14,12,5959.0,5599.0,9989.0,7182.333333333333,-1.0,-1.8369701987210297e-16
Quesos,Queso en lonchas,Paquete 200g,2024,10,2024-10-01,5511,13,10,8888.0,5959.0,5599.0,6815.333333333333,-0.8660254037844386,0.5000000000000001
Quesos,Queso en lonchas,Paquete 200g,2024,11,2024-11-01,2378,6,6,5511.0,8888.0,5959.0,6786.0,-0.5000000000000004,0.8660254037844384
Quesos,Queso en lonchas,Paquete 200g,2024,12,2024-12-01,3932,10,9,2378.0,5511.0,8888.0,5592.333333333333,-2.4492935982947064e-16,1.0
Quesos,Queso gouda,Bloque 300g,2024,4,2024-04-01,4593,11,8,2679.0,2902.0,3263.0,2948.0,0.8660254037844387,-0.4999999999999998
Quesos,Queso gouda,Bloque 300g,2024,5,2024-05-01,3613,7,7,4593.0,2679.0,2902.0,3391.3333333333335,0.49999999999999994,-0.8660254037844387
Quesos,Queso gouda,Bloque 300g,2024,6,2024-06-01,4680,10,8,3613.0,4593.0,2679.0,3628.3333333333335,1.2246467991473532e-16,-1.0
Quesos,Queso gouda,Bloque 300g,2024,7,2024-07-01,4777,10,8,4680.0,3613.0,4593.0,4295.333333333333,-0.4999999999999997,-0.8660254037844388
Quesos,Queso gouda,Bloque 300g,2024,8,2024-08-01,4976,8,6,4777.0,4680.0,3613.0,4356.666666666667,-0.8660254037844385,-0.5000000000000004
Quesos,Queso gouda,Bloque 300g,2024,9,2024-09-01,3876,13,11,4976.0,4777.0,4680.0,4811.0,-1.0,-1.8369701987210297e-16
Quesos,Queso gouda,Bloque 300g,2024,10,2024-10-01,6797,14,10,3876.0,4976.0,4777.0,4543.0,-0.8660254037844386,0.5000000000000001
Quesos,Queso gouda,Bloque 300g,2024,11,2024-11-01,4548,8,8,6797.0,3876.0,4976.0,5216.333333333333,-0.5000000000000004,0.8660254037844384
Quesos,Queso gouda,Bloque 300g,2024,12,2024-12-01,4734,8,6,4548.0,6797.0,3876.0,5073.666666666667,-2.4492935982947064e-16,1.0
Quesos,Queso gruyere,Bloque 300g,2024,4,2024-04-01,5285,10,8,6058.0,3414.0,5688.0,5053.333333333333,0.8660254037844387,-0.4999999999999998
Quesos,Queso gruyere,Bloque 300g,2024,5,2024-05-01,5946,16,11,5285.0,6058.0,3414.0,4919.0,0.49999999999999994,-0.8660254037844387
Quesos,Queso gruyere,Bloque 300g,2024,6,2024-06-01,5678,10,10,5946.0,5285.0,6058.0,5763.0,1.2246467991473532e-16,-1.0
Quesos,Queso gruyere,Bloque 300g,2024,7,2024-07-01,2914,7,6,5678.0,5946.0,5285.0,5636.333333333333,-0.4999999999999997,-0.8660254037844388
Quesos,Queso gruyere,Bloque 300g,2024,8,2024-08-01,3297,6,5,2914.0,5678.0,5946.0,4846.0,-0.8660254037844385,-0.5000000000000004
Quesos,Queso gruyere,Bloque 300g,2024,9,2024-09-01,3565,5,3,3297.0,2914.0,5678.0,3963.0,-1.0,-1.8369701987210297e-16
Quesos,Queso gruyere,Bloque 300g,2024,10,2024-10-01,2515,6,5,3565.0,3297.0,2914.0,3258.6666666666665,-0.8660254037844386,0.5000000000000001
Quesos,Queso gruyere,Bloque 300g,2024,11,2024-11-01,4185,9,8,2515.0,3565.0,3297.0,3125.6666666666665,-0.5000000000000004,0.8660254037844384
Quesos,Queso gruyere,Bloque 300g,2024,12,2024-12-01,3398,8,7,4185.0,2515.0,3565.0,3421.6666666666665,-2.4492935982947064e-16,1.0
Quesos,Queso havarti,Bloque 200g,2024,4,2024-04-01,4086,7,7,6846.0,6160.0,4794.0,5933.333333333333,0.8660254037844387,-0.4999999999999998
Quesos,Queso havarti,Bloque 200g,2024,5,2024-05-01,6331,13,8,4086.0,6846.0,6160.0,5697.333333333333,0.49999999999999994,-0.8660254037844387
Quesos,Queso havarti,Bloque 200g,2024,6,2024-06-01,9209,16,12,6331.0,4086.0,6846.0,5754.333333333333,1.2246467991473532e-16,-1.0
Quesos,Queso havarti,Bloque 200g,2024,7,2024-07-01,2029,4,4,9209.0,6331.0,4086.0,6542.0,-0.4999999999999997,-0.8660254037844388
Quesos,Queso havarti,Bloque 200g,2024,8,2024-08-01,5115,8,6,2029.0,9209.0,6331.0,5856.333333333333,-0.8660254037844385,-0.5000000000000004
Quesos,Queso havarti,Bloque 200g,2024,9,2024-09-01,2415,5,4,5115.0,2029.0,9209.0,5451.0,-1.0,-1.8369701987210297e-16
Quesos,Queso havarti,Bloque 200g,2024,10,2024-10-01,3974,10,10,2415.0,5115.0,2029.0,3186.3333333333335,-0.8660254037844386,0.5000000000000001
Quesos,Queso havarti,Bloque 200g,2024,11,2024-11-01,6247,10,7,3974.0,2415.0,5115.0,3834.6666666666665,-0.5000000000000004,0.8660254037844384
Quesos,Queso havarti,Bloque 200g,2024,12,2024-12-01,2880,5,4,6247.0,3974.0,2415.0,4212.0,-2.4492935982947064e-16,1.0
Quesos,Queso mozzarella,Paquete 200g,2024,4,2024-04-01,6043,10,8,5689.0,3574.0,3516.0,4259.666666666667,0.8660254037844387,-0.4999999999999998
Quesos,Queso mozzarella,Paquete 200g,2024,5,2024-05-01,6619,13,9,6043.0,5689.0,3574.0,5102.0,0.49999999999999994,-0.8660254037844387
Quesos,Queso mozzarella,Paquete 200g,2024,6,2024-06-01,5063,9,9,6619.0,6043.0,5689.0,6117.0,1.2246467991473532e-16,-1.0
Quesos,Queso mozzarella,Paquete 200g,2024,7,2024-07-01,6044,12,6,5063.0,6619.0,6043.0,5908.333333333333,-0.4999999999999997,-0.8660254037844388
Quesos,Queso mozzarella,Paquete 200g,2024,8,2024-08-01,1307,3,3,6044.0,5063.0,6619.0,5908.666666666667,-0.8660254037844385,-0.5000000000000004
Quesos,Queso mozzarella,Paquete 200g,2024,9,2024-09-01,3038,11,9,1307.0,6044.0,5063.0,4138.0,-1.0,-1.8369701987210297e-16
Quesos,Queso mozzarella,Paquete 200g,2024,10,2024-10-01,4910,11,7,3038.0,1307.0,6044.0,3463.0,-0.8660254037844386,0.5000000000000001
Quesos,Queso mozzarella,Paquete 200g,2024,11,2024-11-01,6671,17,12,4910.0,3038.0,1307.0,3085.0,-0.5000000000000004,0.8660254037844384
Quesos,Queso mozzarella,Paquete 200g,2024,12,2024-12-01,5414,12,7,6671.0,4910.0,3038.0,4873.0,-2.4492935982947064e-16,1.0
Quesos,Queso para untar,Tarrina 250g,2024,4,2024-04-01,3730,5,4,4294.0,3370.0,5453.0,4372.333333333333,0.8660254037844387,-0.4999999999999998
Quesos,Queso para untar,Tarrina 250g,2024,5,2024-05-01,3872,8,7,3730.0,4294.0,3370.0,3798.0,0.49999999999999994,-0.8660254037844387
Quesos,Queso para untar,Tarrina 250g,2024,6,2024-06-01,3669,7,7,3872.0,3730.0,4294.0,3965.3333333333335,1.2246467991473532e-16,-1.0
Quesos,Queso para untar,Tarrina 250g,2024,7,2024-07-01,2956,5,5,3669.0,3872.0,3730.0,3757.0,-0.4999999999999997,-0.8660254037844388
Quesos,Queso para untar,Tarrina 250g,2024,8,2024-08-01,3816,7,5,2956.0,3669.0,3872.0,3499.0,-0.8660254037844385,-0.5000000000000004
Quesos,Queso para untar,Tarrina 250g,2024,9,2024-09-01,4523,8,6,3816.0,2956.0,3669.0,3480.3333333333335,-1.0,-1.8369701987210297e-16
Quesos,Queso para untar,Tarrina 250g,2024,10,2024-10-01,4047,8,8,4523.0,3816.0,2956.0,3765.0,-0.8660254037844386,0.5000000000000001
Quesos,Queso para untar,Tarrina 250g,2024,11,2024-11-01,3759,8,7,4047.0,4523.0,3816.0,4128.666666666667,-0.5000000000000004,0.8660254037844384
Quesos,Queso para untar,Tarrina 250g,2024,12,2024-12-01,3912,9,7,3759.0,4047.0,4523.0,4109.666666666667,-2.4492935982947064e-16,1.0
Quesos,Queso parmesano,Rallado 150g,2024,4,2024-04-01,2596,6,5,3528.0,6545.0,5556.0,5209.666666666667,0.8660254037844387,-0.4999999999999998
Quesos,Queso parmesano,Rallado 150g,2024,5,2024-05-01,3074,7,6,2596.0,3528.0,6545.0,4223.0,0.49999999999999994,-0.8660254037844387
Quesos,Queso parmesano,Rallado 150g,2024,6,2024-06-01,2561,9,7,3074.0,2596.0,3528.0,3066.0,1.2246467991473532e-16,-1.0
Quesos,Queso parmesano,Rallado 150g,2024,7,2024-07-01,3057,6,6,2561.0,3074.0,2596.0,2743.6666666666665,-0.4999999999999997,-0.8660254037844388
Quesos,Queso parmesano,Rallado 150g,2024,8,2024-08-01,5502,8,6,3057.0,2561.0,3074.0,2897.3333333333335,-0.8660254037844385,-0.5000000000000004
Quesos,Queso parmesano,Rallado 150g,2024,9,2024-09-01,4449,10,7,5502.0,3057.0,2561.0,3706.6666666666665,-1.0,-1.8369701987210297e-16
Quesos,Queso parmesano,Rallado 150g,2024,10,2024-10-01,4872,9,6,4449.0,5502.0,3057.0,4336.0,-0.8660254037844386,0.5000000000000001
Quesos,Queso parmesano,Rallado 150g,2024,11,2024-11-01,3065,6,5,4872.0,4449.0,5502.0,4941.0,-0.5000000000000004,0.8660254037844384
Quesos,Queso parmesano,Rallado 150g,2024,12,2024-12-01,3200,5,4,3065.0,4872.0,4449.0,4128.666666666667,-2.4492935982947064e-16,1.0
Quesos,Queso ricota,Envase 250g,2024,4,2024-04-01,3251,7,6,5084.0,4797.0,4690.0,4857.0,0.8660254037844387,-0.4999999999999998
Quesos,Queso ricota,Envase 250g,2024,5,2024-05-01,7406,14,9,3251.0,5084.0,4797.0,4377.333333333333,0.49999999999999994,-0.8660254037844387
Quesos,Queso ricota,Envase 250g,2024,6,2024-06-01,7466,14,10,7406.0,3251.0,5084.0,5247.0,1.2246467991473532e-16,-1.0
Quesos,Queso ricota,Envase 250g,2024,7,2024-07-01,6985,11,9,7466.0,7406.0,3251.0,6041.0,-0.4999999999999997,-0.8660254037844388
Quesos,Queso ricota,Envase 250g,2024,8,2024-08-01,5574,9,8,6985.0,7466.0,7406.0,7285.666666666667,-0.8660254037844385,-0.5000000000000004
Quesos,Queso ricota,Envase 250g,2024,9,2024-09-01,4268,10,9,5574.0,6985.0,7466.0,6675.0,-1.0,-1.8369701987210297e-16
Quesos,Queso ricota,Envase 250g,2024,10,2024-10-01,7320,11,9,4268.0,5574.0,6985.0,5609.0,-0.8660254037844386,0.5000000000000001
Quesos,Queso ricota,Envase 250g,2024,11,2024-11-01,7654,13,9,7320.0,4268.0,5574.0,5720.666666666667,-0.5000000000000004,0.8660254037844384
Quesos,Queso ricota,Envase 250g,2024,12,2024-12-01,5232,8,7,7654.0,7320.0,4268.0,6414.0,-2.4492935982947064e-16,1.0
Yogur,Kumis,Botella 1L,2024,4,2024-04-01,11653,21,13,19845.0,12488.0,12219.0,14850.666666666666,0.8660254037844387,-0.4999999999999998
Yogur,Kumis,Botella 1L,2024,5,2024-05-01,19085,39,19,11653.0,19845.0,12488.0,14662.0,0.49999999999999994,-0.8660254037844387
Yogur,Kumis,Botella 1L,2024,6,2024-06-01,17700,35,19,19085.0,11653.0,19845.0,16861.0,1.2246467991473532e-16,-1.0
Yogur,Kumis,Botella 1L,2024,7,2024-07-01,16997,38,16,17700.0,19085.0,11653.0,16146.0,-0.4999999999999997,-0.8660254037844388
Yogur,Kumis,Botella 1L,2024,8,2024-08-01,16415,34,16,16997.0,17700.0,19085.0,17927.333333333332,-0.8660254037844385,-0.5000000000000004
Yogur,Kumis,Botella 1L,2024,9,2024-09-01,16629,30,17,16415.0,16997.0,17700.0,17037.333333333332,-1.0,-1.8369701987210297e-16
Yogur,Kumis,Botella 1L,2024,10,2024-10-01,18961,37,17,16629.0,16415.0,16997.0,16680.333333333332,-0.8660254037844386,0.5000000000000001
Yogur,Kumis,Botella 1L,2024,11,2024-11-01,13586,31,14,18961.0,16629.0,16415.0,17335.0,-0.5000000000000004,0.8660254037844384
Yogur,Kumis,Botella 1L,2024,12,2024-12-01,18523,35,17,13586.0,18961.0,16629.0,16392.0,-2.4492935982947064e-16,1.0
Yogur,Yogur con frutas,Individual,2024,4,2024-04-01,13916,28,15,12830.0,13862.0,18241.0,14977.666666666666,0.8660254037844387,-0.4999999999999998
Yogur,Yogur con frutas,Individual,2024,5,2024-05-01,19920,43,18,13916.0,12830.0,13862.0,13536.0,0.49999999999999994,-0.8660254037844387
Yogur,Yogur con frutas,Individual,2024,6,2024-06-01,19944,38,17,19920.0,13916.0,12830.0,15555.333333333334,1.2246467991473532e-16,-1.0
Yogur,Yogur con frutas,Individual,2024,7,2024-07-01,20654,41,16,19944.0,19920.0,13916.0,17926.666666666668,-0.4999999999999997,-0.8660254037844388
Yogur,Yogur con frutas,Individual,2024,8,2024-08-01,19994,37,15,20654.0,19944.0,19920.0,20172.666666666668,-0.8660254037844385,-0.5000000000000004
Yogur,Yogur con frutas,Individual,2024,9,2024-09-01,20823,38,17,19994.0,20654.0,19944.0,20197.333333333332,-1.0,-1.8369701987210297e-16
Yogur,Yogur con frutas,Individual,2024,10,2024-10-01,13467,29,15,20823.0,19994.0,20654.0,20490.333333333332,-0.8660254037844386,0.5000000000000001
Yogur,Yogur con frutas,Individual,2024,11,2024-11-01,17927,37,16,13467.0,20823.0,19994.0,18094.666666666668,-0.5000000000000004,0.8660254037844384
Yogur,Yogur con frutas,Individual,2024,12,2024-12-01,13450,29,13,17927.0,13467.0,20823.0,17405.666666666668,-2.4492935982947064e-16,1.0
Yogur,Yogur griego,Individual,2024,4,2024-04-01,17663,37,18,20764.0,11709.0,20887.0,17786.666666666668,0.8660254037844387,-0.4999999999999998
Yogur,Yogur griego,Individual,2024,5,2024-05-01,22266,40,17,17663.0,20764.0,11709.0,16712.0,0.49999999999999994,-0.8660254037844387
Yogur,Yogur griego,Individual,2024,6,2024-06-01,17809,30,14,22266.0,17663.0,20764.0,20231.0,1.2246467991473532e-16,-1.0
Yogur,Yogur griego,Individual,2024,7,2024-07-01,21133,42,17,17809.0,22266.0,17663.0,19246.0,-0.4999999999999997,-0.8660254037844388
Yogur,Yogur griego,Individual,2024,8,2024-08-01,13583,32,17,21133.0,17809.0,22266.0,20402.666666666668,-0.8660254037844385,-0.5000000000000004
Yogur,Yogur griego,Individual,2024,9,2024-09-01,13831,29,16,13583.0,21133.0,17809.0,17508.333333333332,-1.0,-1.8369701987210297e-16
Yogur,Yogur griego,Individual,2024,10,2024-10-01,21752,42,18,13831.0,13583.0,21133.0,16182.333333333334,-0.8660254037844386,0.5000000000000001
Yogur,Yogur griego,Individual,2024,11,2024-11-01,22614,45,17,21752.0,13831.0,13583.0,16388.666666666668,-0.5000000000000004,0.8660254037844384
Yogur,Yogur griego,Individual,2024,12,2024-12-01,13346,26,15,22614.0,21752.0,13831.0,19399.0,-2.4492935982947064e-16,1.0
Yogur,Yogur natural,Familiar 1L,2024,4,2024-04-01,8311,17,11,8603.0,9624.0,5657.0,7961.333333333333,0.8660254037844387,-0.4999999999999998
Yogur,Yogur natural,Familiar 1L,2024,5,2024-05-01,6993,15,11,8311.0,8603.0,9624.0,8846.0,0.49999999999999994,-0.8660254037844387
Yogur,Yogur natural,Familiar 1L,2024,6,2024-06-01,8287,15,12,6993.0,8311.0,8603.0,7969.0,1.2246467991473532e-16,-1.0
Yogur,Yogur natural,Familiar 1L,2024,7,2024-07-01,7568,16,10,8287.0,6993.0,8311.0,7863.666666666667,-0.4999999999999997,-0.8660254037844388
Yogur,Yogur natural,Familiar 1L,2024,8,2024-08-01,6722,13,9,7568.0,8287.0,6993.0,7616.0,-0.8660254037844385,-0.5000000000000004
Yogur,Yogur natural,Familiar 1L,2024,9,2024-09-01,9240,17,12,6722.0,7568.0,8287.0,7525.666666666667,-1.0,-1.8369701987210297e-16
Yogur,Yogur natural,Familiar 1L,2024,10,2024-10-01,11792,20,12,9240.0,6722.0,7568.0,7843.333333333333,-0.8660254037844386,0.5000000000000001
Yogur,Yogur natural,Familiar 1L,2024,11,2024-11-01,7655,16,11,11792.0,9240.0,6722.0,9251.333333333334,-0.5000000000000004,0.8660254037844384
Yogur,Yogur natural,Familiar 1L,2024,12,2024-12-01,5750,11,10,7655.0,11792.0,9240.0,9562.333333333334,-2.4492935982947064e-16,1.0
Yogur,Yogur natural,Individual,2024,4,2024-04-01,9454,17,12,8856.0,7158.0,16472.0,10828.666666666666,0.8660254037844387,-0.4999999999999998
Yogur,Yogur natural,Individual,2024,5,2024-05-01,10807,20,9,9454.0,8856.0,7158.0,8489.333333333334,0.49999999999999994,-0.8660254037844387
Yogur,Yogur natural,Individual,2024,6,2024-06-01,6009,13,8,10807.0,9454.0,8856.0,9705.666666666666,1.2246467991473532e-16,-1.0
Yogur,Yogur natural,Individual,2024,7,2024-07-01,8442,22,14,6009.0,10807.0,9454.0,8756.666666666666,-0.4999999999999997,-0.8660254037844388
Yogur,Yogur natural,Individual,2024,8,2024-08-01,6890,14,13,8442.0,6009.0,10807.0,8419.333333333334,-0.8660254037844385,-0.5000000000000004
Yogur,Yogur natural,Individual,2024,9,2024-09-01,5335,12,12,6890.0,8442.0,6009.0,7113.666666666667,-1.0,-1.8369701987210297e-16
Yogur,Yogur natural,Individual,2024,10,2024-10-01,6571,15,10,5335.0,6890.0,8442.0,6889.0,-0.8660254037844386,0.5000000000000001
Yogur,Yogur natural,Individual,2024,11,2024-11-01,4246,12,11,6571.0,5335.0,6890.0,6265.333333333333,-0.5000000000000004,0.8660254037844384
Yogur,Yogur natural,Individual,2024,12,2024-12-01,9524,19,13,4246.0,6571.0,5335.0,5384.0,-2.4492935982947064e-16,1.0
